Modell;"Dateiname (in Ordner ""Brema Geräte Bilder"")";Original-URL auf fors.ch
G 160 A HC;g-160-a-hc.jpg;https://fors.ch/content/uploads/imported/f706847942239a334ca4924953646d4191b110b4-Artikelbild_G-160A-HC.jpg
G 160 W HC;g-160-w-hc.jpg;https://fors.ch/content/uploads/imported/f706847942239a334ca4924953646d4191b110b4-Artikelbild_G-160W-HC.jpg
G 280 A HC;g-280-a-hc.jpg;https://fors.ch/content/uploads/imported/92ae87dada90eb562fb7952025048362479ccf03-G-280A%20HC.jpg
G 280 W HC;g-280-w-hc.jpg;https://fors.ch/content/uploads/imported/92ae87dada90eb562fb7952025048362479ccf03-G-280W%20HC.jpg
G 510 A HC;g-510-a-hc.jpg;https://fors.ch/content/uploads/imported/f8f576e9a67f72464e18c8b8efdbc95d2b92ff7e-G-510A%20HC.jpg
GB 601 A HC DP;gb-601-a-hc-dp.jpg;https://fors.ch/content/uploads/imported/243905a3e84e1a2e5221cddbccc0efc1d2415d7f-Artikelbild_GB-601A%20HC.JPG
G 1000 Split;g-1000-split.jpg;https://fors.ch/content/uploads/imported/5c8a1782bbdd159b40b7abbc42229af9507b4d6f-Artikelbild_G-1000%20SPLIT.JPG
BSF;bsf.jpg;https://fors.ch/content/uploads/imported/9ea74892cd844fd76de1b2077ee8df6ad6cf5d9c-BSF.jpg
CB 1565 A HC;cb-1565-a-hc.jpg;https://fors.ch/content/uploads/imported/e5656ca8b22313fb803adfb6f2eb7f0bb6efa390-CB-1565A%20HC.jpg
CB 184 A HC;cb-184-a-hc.jpg;https://fors.ch/content/uploads/imported/34ff97344c1ba6487be66c2c33d445286e1ab2b2-CB-184A%20HC.jpg
IMF 80 W HC;imf-80-w-hc.jpg;https://fors.ch/content/uploads/imported/52106f1b88737dc0b0fe611d891f065b958a7f30-IMF-80W%20HC.jpg
GB 1555 A HC;gb-1555-a-hc.jpg;https://fors.ch/content/uploads/imported/de35af3683f8bb9a438f5c28c03b5a5e1d3c0229-GB-1555A%20HC.jpg
TB 852 W HC;tb-852-w-hc.jpg;https://fors.ch/content/uploads/imported/6a64057ee8849590f15e138c63b400218279b71c-TB-852W%20HC.jpg
CB 246 A HC DP;cb-246-a-hc-dp.jpg;https://fors.ch/content/uploads/imported/19a421329442ff32dd428631f80b3a79f6a482fd-CB-246A%20HC%20DP.jpg
CB 316 A HC DP;cb-316-a-hc-dp.jpg;https://fors.ch/content/uploads/imported/54346ada87ac8c2bc6b0bbba903ca64c408f4959-CB-316A%20HC%20DP.jpg
CB 249 A HC DP;cb-249-a-hc-dp.jpg;https://fors.ch/content/uploads/imported/2fb77a930d979ef2b5bb4ffd20bd772f70051a7e-CB-249A%20HC%20DP.jpg
CB 416 A HC;cb-416-a-hc.jpg;https://fors.ch/content/uploads/imported/54346ada87ac8c2bc6b0bbba903ca64c408f4959-CB-416A%20HC.jpg
IMF 58 W HC;imf-58-w-hc.jpg;https://fors.ch/content/uploads/imported/40aa66b443fc6b9846f4bf59902254b62c517617-IMF-58W%20HC.jpg
CB 640 W HC;cb-640-w-hc.jpg;https://fors.ch/content/uploads/imported/ec8b1c8a6ac8d2ad7f7c429c60e78a9d38211765-CB-640W%20HC.jpg
GB 601 W HC;gb-601-w-hc.jpg;https://fors.ch/content/uploads/imported/c49aada9daa025b4a203fc1a8972df02221969e5-GB-601W%20HC.jpg
CB 316 W HC;cb-316-w-hc.jpg;https://fors.ch/content/uploads/imported/54346ada87ac8c2bc6b0bbba903ca64c408f4959-CB-316W%20HC.jpg
CB 249 A HC;cb-249-a-hc.jpg;https://fors.ch/content/uploads/imported/2fb77a930d979ef2b5bb4ffd20bd772f70051a7e-CB-249A%20HC.jpg
CB 955 W HC;cb-955-w-hc.jpg;https://fors.ch/content/uploads/imported/fa19f61cd054f682aeedc59a4dfae2a70a91ac9f-CB-955W%20HC.jpg
IMF 35 W HC;imf-35-w-hc.jpg;https://fors.ch/content/uploads/imported/12893da61d9816314d7c31af740098a3fe51166b-IMF-35W%20HC.jpg
CB 1265 A HC;cb-1265-a-hc.jpg;https://fors.ch/content/uploads/imported/3647c5301f92f6aa34d7078be86689d9a298acf1-CB-1265A%20HC%20DP.jpg
CB 640 A HC;cb-640-a-hc.jpg;https://fors.ch/content/uploads/imported/ec8b1c8a6ac8d2ad7f7c429c60e78a9d38211765-CB-640A%20HC.jpg
CB 425 A HC;cb-425-a-hc.jpg;https://fors.ch/content/uploads/imported/b2dde5576e9222dd2d7d7f06dcb56d66c92fc1e7-CB-425A%20HC.jpg
GB 902 W HC;gb-902-w-hc.jpg;https://fors.ch/content/uploads/imported/5e7015e0684ed5234b6b09d5476f5c7ef0711819-Artikelbild_GB-902W%20HC.JPG
IMF 28 A HC;imf-28-a-hc.jpg;https://fors.ch/content/uploads/imported/7197099a5eefee683e357d9d6ba859790094f8fb-IMF-28A%20HC.jpg
GB 1555 W HC;gb-1555-w-hc.jpg;https://fors.ch/content/uploads/imported/de35af3683f8bb9a438f5c28c03b5a5e1d3c0229-GB-1555W%20HC.jpg
CB 425 W HC;cb-425-w-hc.jpg;https://fors.ch/content/uploads/imported/b2dde5576e9222dd2d7d7f06dcb56d66c92fc1e7-CB-425W%20HC.jpg
CB 184 W HC;cb-184-w-hc.jpg;https://fors.ch/content/uploads/imported/34ff97344c1ba6487be66c2c33d445286e1ab2b2-CB-184W%20HC.jpg
CB 246 A HC;cb-246-a-hc.jpg;https://fors.ch/content/uploads/imported/19a421329442ff32dd428631f80b3a79f6a482fd-CB-246A%20HC.jpg
CB 1565 A HC DP;cb-1565-a-hc-dp.jpg;https://fors.ch/content/uploads/imported/e5656ca8b22313fb803adfb6f2eb7f0bb6efa390-CB-1565A%20HC%20DP.jpg
IMF 58 A HC;imf-58-a-hc.jpg;https://fors.ch/content/uploads/imported/0efb7c251730fd6c0614ce019a5202d4548c72db-IMF-58A%20HC.jpg
TB 853 A HC;tb-853-a-hc.jpg;https://fors.ch/content/uploads/imported/eea4b8b137c33ed21753e09ed63ab0d1b9633d50-TB-853A%20HC.jpg
TB 1405 A HC;tb-1405-a-hc.jpg;https://fors.ch/content/uploads/imported/b85fa792107901ee06f56d2773c4e06c1f261309-TB-1405A%20HC.jpg
CB 249 A HC B-QUBE;cb-249-a-hc-b-qube.jpg;https://fors.ch/content/uploads/imported/a503609c9227a87dc6b7ee585494639170e6c501-CB-249A%20HC%20B-QUBE.jpg
CB 246 W HC;cb-246-w-hc.jpg;https://fors.ch/content/uploads/imported/19a421329442ff32dd428631f80b3a79f6a482fd-CB-246W%20HC.jpg
CB 955 A HC;cb-955-a-hc.jpg;https://fors.ch/content/uploads/imported/fa19f61cd054f682aeedc59a4dfae2a70a91ac9f-CB-955A%20HC.jpg
GB 1540 W HC;gb-1540-w-hc.jpg;https://fors.ch/content/uploads/imported/e96466a62bdd77a460f1c5f4430ec8ca8a9570ec-GB-1540W%20HC.jpg
TB 551 A HC;tb-551-a-hc.jpg;https://fors.ch/content/uploads/imported/6f734e004445fa4d02e3d22ee6a7c60913e777a9-TB-551A%20HC.jpg
IMF 35 A HC;imf-35-a-hc.jpg;https://fors.ch/content/uploads/imported/12893da61d9816314d7c31af740098a3fe51166b-IMF-35A%20HC.jpg
CB 840 A HC;cb-840-a-hc.jpg;https://fors.ch/content/uploads/imported/ec8b1c8a6ac8d2ad7f7c429c60e78a9d38211765-CB-840A%20HC.jpg
IMF 80 A HC;imf-80-a-hc.jpg;https://fors.ch/content/uploads/imported/52106f1b88737dc0b0fe611d891f065b958a7f30-IMF-80A%20HC.jpg
HIKU 26 A HC;hiku-26-a-hc.jpg;https://fors.ch/content/uploads/imported/3c71d8a63ba707696554ec9e244bf10aaffcc63d-HIKU%2026A%20HC.jpg
CB 640 A HC B-QUBE;cb-640-a-hc-b-qube.jpg;https://fors.ch/content/uploads/imported/0ceacf71853681b128884ef735e25b1aa930bd32-CB-640A%20HC%20B-QUBE.jpg
GB 902 A HC;gb-902-a-hc.jpg;https://fors.ch/content/uploads/imported/ed0e2a020ec3d55bdbb3f003956fdfec8b6e8cdb-GB-902A%20HC.jpg
GB 903 W HC;gb-903-w-hc.jpg;https://fors.ch/content/uploads/imported/d04ce7ffa2ac8bdf11ca2c2b91f3cee39e1dbb28-GB-903W%20HC.jpg
TB 1405 W HC;tb-1405-w-hc.jpg;https://fors.ch/content/uploads/imported/b85fa792107901ee06f56d2773c4e06c1f261309-TB-1405W%20HC.jpg
CB 425 A HC B-QUBE;cb-425-a-hc-b-qube.jpg;https://fors.ch/content/uploads/imported/7ff71241cbac4f49b1aa19a3191c4d72c014e4e8-CB-425A%20HC%20B-QUBE.jpg
CB 425 A HC DP;cb-425-a-hc-dp.jpg;https://fors.ch/content/uploads/imported/f032b36d13e50df206a0f3de4cf1a3a4a0ac3cd6-CB-425A%20HC%20DP.jpg
CB 416 A HC DP;cb-416-a-hc-dp.jpg;https://fors.ch/content/uploads/imported/229f1d9c47550ad46fcf281f65db5e48f3b7ae2d-CB-416A%20HC%20DP.jpg
GB 601 A HC;gb-601-a-hc.jpg;https://fors.ch/content/uploads/imported/c49aada9daa025b4a203fc1a8972df02221969e5-GB-601A%20HC.jpg
CB 249 W HC;cb-249-w-hc.jpg;https://fors.ch/content/uploads/imported/2fb77a930d979ef2b5bb4ffd20bd772f70051a7e-CB-249W%20HC.jpg
GB 903 A HC;gb-903-a-hc.jpg;https://fors.ch/content/uploads/imported/51d35077b0310630ae4770644e1756aa3fbbd665-Artikelbild_GB-903A%20HC.JPG
CB 955 A HC DP;cb-955-a-hc-dp.jpg;https://fors.ch/content/uploads/imported/fa19f61cd054f682aeedc59a4dfae2a70a91ac9f-CB-955A%20HC%20DP.jpg
TB 852 A HC;tb-852-a-hc.jpg;https://fors.ch/content/uploads/imported/6a64057ee8849590f15e138c63b400218279b71c-TB-852A%20HC.jpg
TM 450 W HC;tm-450-w-hc.jpg;https://fors.ch/content/uploads/imported/47aebe688644a04464b1bcdf54b5a1aa9191f170-TM-450W%20HC.jpg
GB 1540 A HC;gb-1540-a-hc.jpg;https://fors.ch/content/uploads/imported/e96466a62bdd77a460f1c5f4430ec8ca8a9570ec-GB-1540A%20HC.jpg
TB 551 W HC;tb-551-w-hc.jpg;https://fors.ch/content/uploads/imported/6f734e004445fa4d02e3d22ee6a7c60913e777a9-TB-551W%20HC.jpg
CB 1265 A HC DP;cb-1265-a-hc-dp.jpg;https://fors.ch/content/uploads/imported/3647c5301f92f6aa34d7078be86689d9a298acf1-CB-1265A%20HC%20DP.jpg
CB 840 W HC;cb-840-w-hc.jpg;https://fors.ch/content/uploads/imported/ec8b1c8a6ac8d2ad7f7c429c60e78a9d38211765-CB-840W%20HC.jpg
C 300 A;c-300-a.jpg;https://fors.ch/content/uploads/imported/dfd048c523b4b2fce49f0db360c46040caa32fef-C-300A%20OHNE%20BIN.jpg
C 300 W;c-300-w.jpg;https://fors.ch/content/uploads/imported/dfd048c523b4b2fce49f0db360c46040caa32fef-C-300W%20OHNE%20BIN.jpg
IMF 28 W HC;imf-28-w-hc.jpg;https://fors.ch/content/uploads/imported/7197099a5eefee683e357d9d6ba859790094f8fb-IMF-28W%20HC.jpg
CB 416 W HC;cb-416-w-hc.jpg;https://fors.ch/content/uploads/imported/54346ada87ac8c2bc6b0bbba903ca64c408f4959-CB-416W%20HC.jpg
C 150 A HC;c-150-a-hc.jpg;https://fors.ch/content/uploads/imported/5b3ccfe9f18f0fa6dfe3ba370d8c08f28cf11840-C-150A%20OHNE%20BIN.jpg
GB 903 A HC DP;gb-903-a-hc-dp.jpg;https://fors.ch/content/uploads/imported/d04ce7ffa2ac8bdf11ca2c2b91f3cee39e1dbb28-GB-903A%20HC%20DP.jpg
GB 902 A HC DP;gb-902-a-hc-dp.jpg;https://fors.ch/content/uploads/imported/9ae0994da631d7023f167cafb326ab17b988c28f-Artikelbild_GB-902A%20HC.JPG
TM 140 W HC;tm-140-w-hc.jpg;https://fors.ch/content/uploads/imported/a864a968da76dcf0192f4f043b25844081fc849f-TM-140W%20HC.jpg
TM 250 A HC;tm-250-a-hc.jpg;https://fors.ch/content/uploads/imported/138eef0ca19a38d5b190ddb156fad968bed3f3ba-TM-250A%20HC.jpg
CB 955 A HC B-QUBE;cb-955-a-hc-b-qube.jpg;https://fors.ch/content/uploads/imported/af7b3ca885bb1663b39833123c3197e5ff7199d7-CB-955A%20HC%20B-QUBE.jpg
TM 140 A HC;tm-140-a-hc.jpg;https://fors.ch/content/uploads/imported/a864a968da76dcf0192f4f043b25844081fc849f-TM-140W%20HC.jpg
TM 450 A HC;tm-450-a-hc.jpg;https://fors.ch/content/uploads/imported/47aebe688644a04464b1bcdf54b5a1aa9191f170-TM-450W%20HC.jpg
G 510 W HC;g-510-w-hc.jpg;https://fors.ch/content/uploads/imported/7d99be4bbb0725e48f86de6b3941281ba3a9b717-Artikelbild_G-510W-HC.jpg
CB 955 W HC B-QUBE;cb-955-w-hc-b-qube.jpg;https://fors.ch/content/uploads/imported/af7b3ca885bb1663b39833123c3197e5ff7199d7-CB-955W%20HC%20B-QUBE.jpg
CB 640 W HC B-QUBE;cb-640-w-hc-b-qube.jpg;https://fors.ch/content/uploads/imported/0ceacf71853681b128884ef735e25b1aa930bd32-CB-640W%20HC%20B-QUBE.jpg
CB 316 A HC;cb-316-a-hc.jpg;https://fors.ch/content/uploads/imported/54346ada87ac8c2bc6b0bbba903ca64c408f4959-CB-316A%20HC.jpg
CB 425 W HC B-QUBE;cb-425-w-hc-b-qube.jpg;https://fors.ch/content/uploads/imported/7ff71241cbac4f49b1aa19a3191c4d72c014e4e8-CB-425W%20HC%20B-QUBE.jpg
C 150 W HC;c-150-w-hc.jpg;https://fors.ch/content/uploads/imported/5b3ccfe9f18f0fa6dfe3ba370d8c08f28cf11840-C-150A%20OHNE%20BIN.jpg
FM FRESH MAKER HC;fm-fresh-maker-hc.jpg;https://fors.ch/content/uploads/imported/3fc048d3b2a0d91d0d89e219c14e0ecbf0b7c46d-FM%20FRESH%20MAKER.jpg
TM 250 W HC;tm-250-w-hc.jpg;https://fors.ch/content/uploads/imported/138eef0ca19a38d5b190ddb156fad968bed3f3ba-TM-250A%20HC.jpg
CB 1565 W HC;cb-1565-w-hc.jpg;https://fors.ch/content/uploads/imported/e5656ca8b22313fb803adfb6f2eb7f0bb6efa390-CB-1565A%20HC.jpg
CB 840 A HC DP;cb-840-a-hc-dp.jpg;https://fors.ch/content/uploads/imported/ec8b1c8a6ac8d2ad7f7c429c60e78a9d38211765-CB-840A%20HC%20DP.jpg
CB 640 A HC DP;cb-640-a-hc-dp.jpg;https://fors.ch/content/uploads/imported/ec8b1c8a6ac8d2ad7f7c429c60e78a9d38211765-CB-640A%20HC%20DP.jpg
CB 249 W HC B-QUBE;cb-249-w-hc-b-qube.jpg;https://fors.ch/content/uploads/imported/a503609c9227a87dc6b7ee585494639170e6c501-CB-249A%20HC%20B-QUBE.jpg
TB 853 W HC;tb-853-w-hc.jpg;https://fors.ch/content/uploads/imported/eea4b8b137c33ed21753e09ed63ab0d1b9633d50-TB-853A%20HC.jpg
C 150 A HC 42GR;c-150-a-hc-42gr.jpg;https://fors.ch/content/uploads/imported/5b3ccfe9f18f0fa6dfe3ba370d8c08f28cf11840-C-150A%20OHNE%20BIN.jpg
CB 1265 W HC;cb-1265-w-hc.jpg;https://fors.ch/content/uploads/imported/3647c5301f92f6aa34d7078be86689d9a298acf1-CB-1265A%20HC%20DP.jpg
IC 18 A HC;ic-18-a-hc.jpg;https://fors.ch/content/uploads/imported/8413722e66c5eb4ca694d596c470c03f79eb5fb9-IC-18-A-HC.jpg
IC 24 A HC;ic-24-a-hc.jpg;https://fors.ch/content/uploads/imported/3b59413a8d690788af46950792f3dab4a48fd2f3-IC-24-A-HC.jpg
